{"cameraMode":{"drawMode":0,"name":"Shaded","section":"Shading Mode"},"sceneLighting":false,"audioPlay":false,"sceneViewState":{"showFog":true,"showMaterialUpdate":false,"showSkybox":false,"showFlares":true,"showImageEffects":true,"showParticleSystems":true},"in2DMode":false,"pivot":{"x":-210.9375762939453,"y":8.04084587097168,"z":-72.16177368164063},"rotation":{"x":-0.16329193115234376,"y":0.17857864499092103,"z":-0.030068138614296914,"w":-0.9698151350021362},"size":1228.993408203125,"orthographic":false}