{"cameraMode":{"drawMode":0,"name":"Shaded","section":"Shading Mode"},"sceneLighting":false,"audioPlay":false,"sceneViewState":{"showFog":true,"showMaterialUpdate":false,"showSkybox":false,"showFlares":true,"showImageEffects":true,"showParticleSystems":true},"in2DMode":false,"pivot":{"x":2.5628767013549806,"y":1.149887204170227,"z":3.733764886856079},"rotation":{"x":-0.06164420396089554,"y":-0.06373768299818039,"z":0.003944529686123133,"w":-0.9960532188415527},"size":10.592293739318848,"orthographic":false}